{"global_step": 99, "_timestamp": 1688578456.2438412, "train/loss": 0.167458638548851, "train/acc": 0.9479219913482666, "val/loss": 5.662353515625, "val/acc": 0.10881273448467255, "_runtime": 8365.952633142471, "_step": 99, "_wandb": {"runtime": 8366}}