{"global_step": 99, "_timestamp": 1688511421.4400117, "train/loss": 0.2408871203660965, "train/acc": 0.9258852601051331, "val/loss": 5.652892589569092, "val/acc": 0.11226872354745865, "_runtime": 9406.362806797028, "_step": 99, "_wandb": {"runtime": 9406}}