{"global_step": 99, "_timestamp": 1688529748.602714, "train/loss": 0.1756448596715927, "train/acc": 0.9430122375488281, "val/loss": 5.512133598327637, "val/acc": 0.03276367112994194, "_runtime": 1807.6931681632996, "_step": 99, "_wandb": {"runtime": 1809}}