{"global_step": 99, "_timestamp": 1688587812.1148877, "train/loss": 0.3612406849861145, "train/acc": 0.8918358087539673, "val/loss": 4.947777271270752, "val/acc": 0.03503099083900452, "_runtime": 9333.694244623184, "_step": 99, "_wandb": {"runtime": 9333}}