{"global_step": 99, "_timestamp": 1688527917.7771082, "train/loss": 0.12672159075737, "train/acc": 0.9575348496437073, "val/loss": 3.476372241973877, "val/acc": 0.062424883246421814, "_runtime": 2501.7804300785065, "_step": 99, "_wandb": {"runtime": 2503}}