{"global_step": 99, "_timestamp": 1688520111.7176049, "train/loss": 0.21036669611930847, "train/acc": 0.9356974959373474, "val/loss": 6.076633930206299, "val/acc": 0.03148509934544563, "_runtime": 8665.330811977386, "_step": 99, "_wandb": {"runtime": 8665}}