{"global_step": 99, "_timestamp": 1688520616.7121093, "train/loss": 0.0933050885796547, "train/acc": 0.9684149026870728, "val/loss": 2.533798933029175, "val/acc": 0.06777343899011612, "_runtime": 3990.4095842838287, "_step": 99, "_wandb": {"runtime": 3992}}