{"global_step": 99, "_timestamp": 1688501989.0991242, "train/loss": 0.14665015041828156, "train/acc": 0.9559666514396667, "val/loss": 5.897500038146973, "val/acc": 0.15198567509651184, "_runtime": 9662.830628156662, "_step": 99, "_wandb": {"runtime": 9662}}