{"global_step": 99, "_timestamp": 1688419278.0510828, "train/loss": 0.09509006887674332, "train/acc": 0.9681845903396606, "val/loss": 2.282649278640747, "val/acc": 0.06773792952299118, "_runtime": 5873.86720085144, "_step": 99, "_wandb": {"runtime": 5873}}