{"global_step": 99, "_timestamp": 1688522651.5402696, "train/loss": 0.1248173713684082, "train/acc": 0.9584165215492249, "val/loss": 6.35683012008667, "val/acc": 0.0391322560608387, "_runtime": 1988.1499407291412, "_step": 99, "_wandb": {"runtime": 1990}}