{"global_step": 10, "_timestamp": 1688521046.7003212, "train/loss": 2.740784168243408, "train/acc": 0.26194795966148376, "val/loss": 2.8977012634277344, "val/acc": 0.05263752490282059, "_runtime": 907.7336702346802, "_step": 10}