{"global_step": 0, "_timestamp": 1688492034.9995067, "train/loss": 5.351179122924805, "train/acc": 0.012345293536782265, "val/loss": 4.893486022949219, "val/acc": 0.012760416604578495, "_runtime": 117.16976571083069, "_step": 0}