{"global_step": 99, "_timestamp": 1688570066.301791, "train/loss": 0.1390719711780548, "train/acc": 0.9572298526763916, "val/loss": 7.004114627838135, "val/acc": 0.01739501953125, "_runtime": 6581.1191029548645, "_step": 99, "_wandb": {"runtime": 6581}}