{"global_step": 99, "_timestamp": 1688563463.6572585, "train/loss": 0.27008914947509766, "train/acc": 0.91811603307724, "val/loss": 5.566220283508301, "val/acc": 0.09453993290662766, "_runtime": 8207.788274526596, "_step": 99, "_wandb": {"runtime": 8207}}