{"global_step": 99, "_timestamp": 1688440522.2551076, "train/loss": 0.4153803884983063, "train/acc": 0.869387149810791, "val/loss": 4.141809940338135, "val/acc": 0.0776541605591774, "_runtime": 17868.091624736786, "_step": 99, "_wandb": {"runtime": 17868}}