{"global_step": 99, "_timestamp": 1688525394.5460114, "train/loss": 0.1192113384604454, "train/acc": 0.9602169394493103, "val/loss": 4.774435520172119, "val/acc": 0.046174824237823486, "_runtime": 2718.9141054153442, "_step": 99, "_wandb": {"runtime": 2720}}