{"global_step": 99, "_timestamp": 1688555231.728647, "train/loss": 0.18444474041461945, "train/acc": 0.9441444277763367, "val/loss": 6.506002426147461, "val/acc": 0.057843167334795, "_runtime": 7976.002984046936, "_step": 99, "_wandb": {"runtime": 7976}}